{"serverNow":1766522028.288702,"lastSim":1766522028.288702,"level":1,"rocksPerLevel":10,"players":{"c_88ae4a72ba88b8_19b4ceac27a":{"lastSeen":1766522028.288702,"ship":{"x":1010.2735487503268,"y":341.8978261233344,"ang":-6.240000000000004,"vx":2.9860698096421407e-5,"vy":-0.00016638113820862947},"input":{"thrust":false,"giro":0}}},"rocks":[{"id":1,"x":717.1646750205455,"y":33.96432145349074,"vx":-0.28029884148246104,"vy":-0.9347444755515378,"radius":25.45455062550239,"ang":1.047666817311876,"rot":-0.01065000148054678,"lados":19,"puntas":[0.8321348146685096,0.6363768983801719,0.7804406751787479,0.7015506294097522,1.1565067599325007,1.0993158171415869,1.2656910739213652,1.0740544377239676,1.2857565909092112,1.1474844663159383,0.8606798009298182,0.647284441090787,1.1661426815046663,1.0475459216383967,0.7019392077354432,1.1890551119060513,0.7376737315848814,1.3149732384434776,0.7936793451168013,1.1154390721188108]},{"id":2,"x":1435.4161859769047,"y":609.8612728361288,"vx":-0.6781121638755847,"vy":-0.2920126645997777,"radius":27.347700324537094,"ang":3.0510679916242056,"rot":0.00046291640981236174,"lados":9,"puntas":[1.163035586365981,0.9101234459831022,0.7907879830295164,1.1733364987062926,0.7277965359984881,0.752111933451198,0.8090022784699696,1.3660172745427197,0.8180194781245754,1.1618469721460003,0.6370427563959,1.127105222515345,0.8473305580426616,1.2004330988044074,1.0303085049755445,1.3548014201013379,1.1922283216343392,0.9305341852505384,0.6936405554849843,1.3967677567139118]},{"id":3,"x":256.3810010503242,"y":149.09294483422175,"vx":1.7817609802846268,"vy":-0.0067340466168280206,"radius":28.31559557389263,"ang":-2.1081204609646815,"rot":-0.01995347592977503,"lados":10,"puntas":[1.3810913860709833,0.6265388794366917,0.7516621992698229,1.1087135119869902,0.7373964902653343,0.6366420757196107,0.733792842986897,0.6366227381101914,1.310158815565593,0.8254499674893216,1.3466294765223887,0.7655179836626714,0.7143497415419433,0.9372193468442277,0.6682798963358065,0.8846326371117648,1.0946237942644506,0.6670334924324571,1.0818646138915162,1.130911648893222]},{"id":4,"x":152.66257520839312,"y":187.2777698661071,"vx":0.7055600416233563,"vy":-0.26915797203329994,"radius":18.60616729995523,"ang":3.1393342236231248,"rot":-0.0028766737798585898,"lados":11,"puntas":[1.0579287009583453,1.3119435786790883,1.07558672189507,1.1586747101315644,1.3896073229562524,0.8806455851908054,0.8567921840850228,0.6569449056205083,1.3424396335810607,1.1253057597788543,1.3266863204197428,0.883293333409025,0.68497781422221,0.9064611786540883,0.794761077405308,0.9976628618303979,0.9612224733276398,1.3301604501577842,1.2353984653183252,0.7442011863664729]},{"id":5,"x":1120.8671045885305,"y":632.0687721488744,"vx":-0.7627870259735168,"vy":1.015811348901919,"radius":25.335561435360255,"ang":5.928723421690818,"rot":0.01444555807600057,"lados":16,"puntas":[1.212488329323236,0.6114392072015624,1.0019794492060223,0.8371214461685724,0.9986505305388247,1.1489292795532053,1.3478103242571513,0.6206802282578685,1.0913001595490148,1.1819536934522696,1.230828579063913,0.7777576689504822,1.0740925731482416,1.052868311318042,1.1626810821530786,1.1821745029567623,1.0793448301401662,0.8614880510892198,0.6521776233111404,0.711822593264199]},{"id":6,"x":1457.2963132920347,"y":549.0365673872988,"vx":-0.24914733783693996,"vy":1.4808481354035283,"radius":19.1574729649152,"ang":0.8465703373022894,"rot":0.001222512974041754,"lados":12,"puntas":[0.981459008707413,1.0301411586022662,0.8339991667466234,0.9511017026152004,1.0876538226789114,0.9985676741220838,0.6212506584922087,0.9279074994511471,1.0271422715984015,1.3663708075724406,0.6250549078104342,1.253500274500577,1.3888829544134824,1.2757461737262765,0.8965248809645534,0.9763446340227242,0.699108302266853,1.1444598111065383,1.3277553319594615,1.120043075699379]},{"id":7,"x":113.82407530806672,"y":265.72558708029794,"vx":0.9436100298629663,"vy":-0.23007298045994726,"radius":14.74502217245522,"ang":3.897638961553311,"rot":-0.002783161039828863,"lados":22,"puntas":[0.752550149780023,0.7671640773150903,0.9892074255222489,1.3975275661784818,1.3984225310377882,0.9954477479660174,1.1840533873923371,0.8265217826825202,0.6722137444057565,0.8561500125826104,0.9189138693357417,0.8986445953597523,0.6765286870657135,1.1101405846467896,0.8132284467170148,0.725503533764511,0.9958396697397529,1.3290818698374005,1.2930356762805189,1.333766351609382]},{"id":8,"x":1462.1102830989148,"y":249.2970573311639,"vx":-0.20161515527463741,"vy":-0.5827868758109213,"radius":25.70369479046375,"ang":4.935350954717223,"rot":0.01994445480403698,"lados":8,"puntas":[1.3686008028539833,1.288807552256066,1.1373637824027631,0.6676850330399745,0.6800524332002049,1.0020988939339754,0.9052834698489325,0.916504879815739,1.3384470484864186,1.1085479064418693,1.3358529381155284,0.9590229781153718,0.8656261441603424,0.7666781895638808,1.2657078891367224,1.0218134043839822,0.8405546126144727,1.3260300069702928,1.1745808481120414,0.6890830588010526]},{"id":9,"x":252.6492009811835,"y":454.9082499290454,"vx":-0.30691031360716986,"vy":-0.9390618593692087,"radius":28.59502754108749,"ang":1.450235404491409,"rot":-0.0003385125940379274,"lados":21,"puntas":[0.6653871868110202,0.6574025757878099,1.3114813733433752,1.2073174937662285,1.3437203034496494,0.8531996042715384,1.3712133444711627,1.1274105577391622,0.6680179011393421,0.8974733640893704,0.6459136735861719,1.3783430442113165,1.3866895087001332,1.2605949423558056,0.9800526009779669,0.8626832534850963,1.3234779931248528,1.0816143667705425,1.2888493298966668,1.235985357610502]},{"id":10,"x":1416.0835627309193,"y":688.6396504124511,"vx":-0.4561374467039962,"vy":-0.03121657774347223,"radius":10.899587506847265,"ang":2.6612899202043843,"rot":-0.0003180098069449922,"lados":5,"puntas":[1.1697114585757775,1.3138623628364234,0.8897412204601528,0.7462795101787334,0.6769377749771521,0.8854828057277402,0.7386810713162091,0.6964304388018466,1.1383747442338499,0.8270186406686058,0.9237005611526317,0.6251268841443243,1.166316809768936,0.9637813219631935,0.6912343759514552,0.7657156036075743,0.647960511989873,0.7278623875825956,1.3793523244463617,0.9023067177749736]}],"bullets":[],"nextRockId":11,"nextBulletId":12,"viewportW":1536,"viewportH":707}